train,test,nll,pos,rot
45.793491861538556,-30.66012874963608,38.087466799935626,58.7748048978046,1.7040822395058566
-11.563246256545343,-39.70332395005555,-17.636797927146734,48.69529529211323,1.0969508401183194
-24.22330090032691,-50.05604793998731,-29.82651289119277,45.97888697961735,0.9079240823900977
-36.90831136442488,-66.19579616374381,-41.974525451660156,41.92691285520696,0.7938788117364396
-50.99612904392737,-81.32265842731354,-55.436412899993186,36.74985566320804,0.7012724626895993
-64.71630829822615,-93.22435860489723,-68.64522490390512,32.420414442889864,0.6349916250206703
-78.33407687607576,-106.3825027275735,-81.76672576194586,28.21688152118176,0.5665003865264183
-87.70190549402619,-119.61725142569654,-90.89412565009539,26.238749694004163,0.528393731560818
-98.01884180487238,-128.32173504076118,-100.99041322220204,24.44574264223892,0.4923540901306064
-107.14679452904883,-140.97414460682816,-109.84963847315589,22.134884429297134,0.45882968154064446
-117.83186474668105,-147.23841209416932,-120.3569678373115,20.771545386771113,0.420238372198371
-124.65231915844977,-156.29187676186163,-127.15028665232104,20.47243979217329,0.4228199727313463
-133.39959792795497,-164.39215525888758,-135.69649754014125,18.889648013716272,0.3834643343160319
-139.06688302422384,-168.05981275419805,-141.29200070403343,18.280378282229616,0.37267852106759713
-146.7714558214062,-177.17871133446303,-148.91469556231831,17.63383926630494,0.3559848312721696
-153.7535068185806,-181.93311442556632,-155.81509434899618,16.937303759785014,0.34517271088999374
-159.56524009402648,-187.32584173134785,-161.5721708785656,16.530975838908535,0.3320437912331071
-165.53827388291057,-193.9266020048803,-167.43574169070223,15.632487474515951,0.3137200779693071
-170.19990558890368,-194.46843293896833,-172.08359687272892,15.507235018436706,0.3129013683213744
-175.19495135354964,-202.61543210128028,-177.0315186256586,15.115020481973081,0.3054438676944999
-180.96242455307694,-205.9556188390477,-182.7402957650118,14.667681228828839,0.2917313371286836
-184.3627312409217,-212.28173914340954,-186.06138859238735,14.073345412260036,0.27367316671582154
-189.02156303697,-217.72668331160867,-190.6747021342433,13.674382863842077,0.2681507031584895
-192.84465188853974,-223.0137279256631,-194.42872726085574,13.08798454254311,0.2588896827642308
-196.76839243680175,-220.2135262191964,-198.34191504190133,13.040091582402964,0.25372541747814004
-200.85579524027023,-227.92951297791947,-202.2915848133176,11.931293406067816,0.2287875420825426
-205.76015753803492,-231.5449660668416,-207.21650411916335,12.108285455644147,0.2307910853347113
-207.1448294880727,-235.05321795834857,-208.56037512490914,11.745816608292637,0.22640205781127132
-210.45624579638195,-237.24840583022893,-211.8378774953443,11.514172200919823,0.216777334726134
-212.59905074408863,-242.2144732962102,-213.96623265466025,11.4101540848635,0.21267912069032358
-216.44252201452903,-239.53495935896476,-217.72485316076944,10.749095006045483,0.19577295038589212
-219.51322031894242,-241.46372508866443,-220.77786929108376,10.58115848673055,0.19497553276461224
-221.1977515949733,-245.7681193124271,-222.3929092052371,10.010300913526889,0.18347688435122025
-225.23049616951502,-243.3693002816985,-226.4293695494186,10.088112322680649,0.17918014595674914
-225.6580353668182,-248.18365409219064,-226.82647563135902,9.836016478076111,0.17401710793722508
-228.55735648201966,-252.82278085738076,-229.72982113860374,9.87726390378135,0.174330482822518
-230.44838828072085,-253.07819059850598,-231.57401896631995,9.484789982885129,0.16792494630397753
-233.2297522820081,-257.9424697825966,-234.3257854372956,9.237053987252176,0.16205232330532962
-235.3616233227505,-258.8803192173233,-236.4360798680505,9.07593856622937,0.1576333146455676
-239.49214611602304,-262.07784229708614,-240.50727347440497,8.602377202415513,0.14714524409798688
-239.73167932968596,-258.3934896986217,-240.7530712748683,8.69086750296211,0.14383778669113337
-241.21474046439516,-259.0286088152526,-242.22291919796965,8.553704444983914,0.14467482632675835
-243.7047242600211,-266.72062691798885,-244.72524669558504,8.654998437729212,0.14640701250281446
-245.73564522345276,-264.24253035314354,-246.69927730116734,8.222831772380777,0.13401334698117057
-248.26035183852437,-271.6111629942601,-249.2046803319177,8.056062457380383,0.13138498954994735
-248.79025822318772,-267.83088842552064,-249.7018262286519,7.797331474753416,0.12546023362597755
-249.6934761381341,-270.14782114658846,-250.59933258766353,7.760331969300982,0.12314242228519084
-253.23874673089347,-275.3527402257907,-254.13295621650164,7.675682195033725,0.12023622629254363
-254.73117227405737,-275.8451302333058,-255.60344394417697,7.508866391134777,0.11505168381818505
-256.1764905046809,-277.77000595750695,-257.04690019474475,7.470938715060873,0.11685492687447127
-271.74670113336646,-299.28827386157195,-272.52517416310866,6.686773500844278,0.10325141684260479
-276.75484360954266,-299.9188217033874,-277.4718748580578,6.169114383291501,0.09513355358395466
-277.1846656003902,-297.8331544034644,-277.91786442246547,6.295149473657371,0.09806269234003023
-278.4160425956564,-301.62479934585497,-279.1229006745094,6.066205984124998,0.09558763355016708
-280.04744394044616,-302.238918222592,-280.7499325774437,6.055875448471934,0.0920272010356881
-279.5690816370765,-301.87962475426104,-280.27611098178596,6.089262939997143,0.09344808826612871
-280.97966115336277,-300.75878380105394,-281.70128188022346,6.190073116720449,0.09740129477062891
-281.1980117558535,-306.0596717711355,-281.8989449434502,6.041500903968272,0.09175996534353079
-281.4593960376935,-306.5587037706755,-282.1605756892714,6.033480648230381,0.09270537523336189
-283.0611926590262,-303.76734321452545,-283.74222369526706,5.858664098982112,0.09065278065066006
-283.7632002878374,-303.41078131608054,-284.45311648346654,5.950929758970152,0.08995567470095879
-285.0110532336287,-305.35201165971574,-285.6749856638354,5.731432431853164,0.086489979784156
-285.21362362449634,-305.36547580763255,-285.9095160905705,5.991062086003312,0.09177415020937144
-286.14755997904666,-308.1000540446547,-286.80627654319585,5.703881082129624,0.08403652247994445
-286.5631946903838,-303.83859660139,-287.22892867687136,5.752597640541201,0.08629728871029477
-287.3307335054162,-308.0366646987065,-287.99342452648074,5.7133241644552815,0.08689210078744002
-288.39823273595516,-309.44016659474926,-289.05397211119185,5.659694543034296,0.08551201328288677
-288.0716380889686,-307.62569166776905,-288.72465550622275,5.6426649028687175,0.08457061994907468
-290.1684720842115,-312.2366907682168,-290.8143984772438,5.587377666174791,0.0831143835256266
-289.9936291857122,-311.0663276435296,-290.63403604196947,5.536942201035768,0.08264563007410182
-290.24562532520275,-313.38229387916545,-290.8787550815316,5.472059055089443,0.08220966420201369
-290.69596362230607,-309.4750248608424,-291.3389559013899,5.563602930298022,0.08258590777946073
-291.48358511810227,-312.6725176867109,-292.11389302098473,5.4731900264982425,0.07926687320997548
-292.2335184674943,-312.5564434440313,-292.8551075070403,5.38678992493875,0.07916480077560557
-292.847663703746,-314.10557463809636,-293.4642710131268,5.342502207801408,0.07837489567870318
-293.3507845451559,-317.9686563589799,-293.9730125249818,5.3944722678559325,0.0790882665057515
-294.2286581654147,-316.7124911390656,-294.8559797420058,5.437653128294407,0.07945102843087773
-293.83143501036125,-314.1833730215195,-294.4438377202943,5.310573080474172,0.07744360299304474
-294.0676626773586,-318.37492999369186,-294.6761070074037,5.283340305114407,0.07654374214105827
-295.2942044852243,-316.84758420593806,-295.9032713424328,5.305978304856979,0.0748954864088879
-295.7491985131977,-318.2426459591514,-296.33812908793607,5.123201414885938,0.07296447776431261
-297.6704978091617,-317.6128260529097,-298.27144321175507,5.233412567868073,0.07376007397854051
-297.5722388158256,-316.30408376421025,-298.1679297158884,5.184162897886188,0.07358811994971232
-297.61994491853346,-318.69843984507673,-298.20292273233105,5.090102494907379,0.07075485595783522
-297.8117386634628,-318.358714251764,-298.4049512286519,5.176778097289202,0.07207677608659101
-298.5629367124172,-319.3526502320504,-299.1463658532431,5.097592024492473,0.07010848378372747
-299.50480365595286,-318.63948854116967,-300.08147128792695,5.035223152181261,0.06982144236911175
-300.60085972796213,-318.14426315287585,-301.16884027525435,4.978072927442874,0.06685188871830008
-300.77756712120174,-319.6979817391282,-301.34179545557777,4.9461590849207155,0.06660890050752219
-301.49423943735985,-322.7305730487565,-302.05438658248545,4.9044377248898074,0.06662833543364392
-300.90708020475336,-320.14137620725097,-301.47020916606107,4.928433023844088,0.06710815724245338
-301.622829035709,-319.841879933295,-302.17842847247454,4.862474901649058,0.06643263137964316
-302.49523840030673,-322.54399025910976,-303.05585781363555,4.920371091412826,0.0654099429416102
-303.64676248463616,-316.92959514101415,-304.19863607717116,4.848773219635685,0.06400084140342335
-303.6836472098041,-321.7344648952929,-304.2366787222929,4.8479956199439584,0.06532983308614687
-302.79488015727253,-321.79397873394055,-303.349930874137,4.867961942060201,0.06518506371351175
-304.0465246773024,-322.99595466610015,-304.5936577375545,4.798305845937663,0.06420602727421494
-304.47012992292855,-321.80849063111185,-305.0106903785883,4.746627687566578,0.06295094665053279
-304.60145116611164,-322.3480728983422,-305.14178537767987,4.736487731487551,0.06386435109862061
-305.79474826619037,-323.96401136586564,-306.335496769395,4.744109083007018,0.0633271700421045
-311.7331347055144,-330.04586624964367,-312.2500191622002,4.537197650102388,0.060287148800007136
-313.67499203157263,-334.99211249521085,-314.1860798680505,4.486666447288449,0.05958071515657181
-314.86375081966344,-329.5641397365592,-315.37177578238555,4.465887782045962,0.05876949308223502
-314.2503755376303,-331.7557285237291,-314.7592624398165,4.467846515348856,0.059443990158480266
-314.0940560516763,-332.1366310524842,-314.6047711039698,4.4793470654198035,0.06006625026117924
-314.8123688525308,-332.86773477549866,-315.31714576898617,4.4338121999153985,0.05870257577923841
-315.02180923942757,-334.4864435777279,-315.5296581179597,4.4543807484168365,0.05974387065615765
-315.00086651679317,-331.6413794020479,-315.5015038778616,4.3903478599004275,0.05896691648766052
-314.74079809772564,-336.3483728700163,-315.2448829828307,4.418493589567216,0.05959172815430996
-315.4295362943709,-334.5216144644629,-315.9346668332122,4.432760725204864,0.05914778634905815
-315.26918339840455,-333.04690396250714,-315.77538494731107,4.44704416584137,0.05882325543220653
-315.62909895107293,-333.5815236709544,-316.1284669388172,4.378825967119652,0.05894903440115064
-315.7057954431397,-337.01282273001107,-316.2056742823401,4.383514776891508,0.058846474127020945
-316.17565473318376,-335.9286155157166,-316.68207212936045,4.445315103087778,0.05899330159259397
-316.1205274958936,-333.4654274444758,-316.6190661053325,4.373492037537796,0.05859212291448615
-316.6188750308304,-335.1769708340553,-317.11843517214754,4.387726843610051,0.05816715496570565
-315.9107140710791,-330.8790189649177,-316.4101257324219,4.381308550849471,0.058698578975921456
-316.4014625198181,-333.9337856506512,-316.8987739030705,4.363886095722498,0.05841984565174857
-317.3272130082518,-336.9808049477081,-317.82312153660973,4.351922623558529,0.05810929332361665
-317.4075573157623,-337.9566680143827,-317.905166271121,4.372783434533058,0.05784286160108655
-317.76681042354886,-332.52948271370144,-318.2661395405614,4.386237594429427,0.0580678531077019
-317.8530707264146,-339.0806229597409,-318.35038721838663,4.367311265870478,0.05798480737694474
-317.6269273585755,-338.2818059739918,-318.1185941474382,4.310156611358923,0.058168373048998585
-317.0838483721209,-333.9299413979435,-317.57787873024165,4.3342590167815205,0.05815275879793389
-317.55333520704363,-330.81156179753197,-318.05281102380087,4.380828860724114,0.05877120948808138
-317.82914491114747,-341.0608795291955,-318.3236857569495,4.341349488532531,0.05794858889177788
-318.9991369316425,-337.8064880600943,-319.4913876555687,4.320481609761751,0.057593654148107354
-318.6940862280298,-334.5723748032027,-319.1867924180142,4.3205946267284165,0.05800672611871431
-318.5427068748167,-332.7887554165223,-319.03440608534703,4.318089114017713,0.05745980282162511
-319.32226934547214,-337.2376652602779,-319.8121181754179,4.2964410824472745,0.057690740584634075
-319.8131980608233,-331.9575034671872,-320.3010559082031,4.280601970596173,0.05729478528333265
-319.07999914946254,-336.2679107337963,-319.574433082758,4.338374963679618,0.05794160414573758
-318.9164083360616,-333.5910529131043,-319.4101959938227,4.337252059275075,0.057574431910071264
-318.8922172784887,-333.5505546111086,-319.38663926235466,4.343192077411683,0.05759120507295742
-320.39997232810816,-338.22350076697205,-320.88992380541424,4.301057387931103,0.05730210426588391
-319.2812445696336,-338.5426040604836,-319.77468943041424,4.331311049109536,0.057733480926862986
-320.3773813204571,-338.6166093365271,-320.8625374727471,4.257528702628694,0.05689935403507809
-320.0705624043505,-338.0512955247347,-320.5593375272529,4.287818572150475,0.05756061671431675
-320.0786393649786,-336.740846608603,-320.5684864132903,4.299756273178871,0.05741683411043744
-321.0011304768556,-339.9134368997405,-321.48992423124093,4.292248846765687,0.05698695761519809
-320.62938301821197,-340.00361947996646,-321.1164018497911,4.2730602815734775,0.05714677993294805
-320.51751571107866,-337.4413624903253,-321.0101573855378,4.3305665247917995,0.05698843889458235
-320.8531855291227,-335.8058201671646,-321.3400289846021,4.2727425837488475,0.05705383671231048
-321.4814911789282,-338.4318542727527,-321.9690487883812,4.281198984181499,0.05680844568929007
-321.46913002137273,-338.73834948764625,-321.95407956145533,4.257535133845839,0.056687918340050894
-321.4933691719899,-336.3731032171671,-321.98164332190225,4.287834622775199,0.056895663745181506
-321.7210460495786,-340.31441311111683,-322.203946845476,4.235662678388341,0.056812892732925196
-322.5663635550136,-341.4867101327656,-323.0496492607649,4.246625261988807,0.05624370181629824
-321.3763783942784,-337.1713098334434,-321.8647134470385,4.285814723046487,0.05712746101063351
-321.83330026611225,-336.3273714155979,-322.3184566054233,4.260967943539498,0.056559803094281706
-323.81381483580464,-340.4838237157502,-324.2918651492097,4.197612475758381,0.05599660114493481
-324.85162780679826,-343.1398432980755,-325.3290192360102,4.1920281932749255,0.05565450955615487
-325.4089437854149,-339.28375701800707,-325.88422695426055,4.175983494860092,0.05529404214994852
-324.48382063486685,-344.6509012587923,-324.9612554505814,4.190540101107725,0.05586270884025928
-324.6584233760842,-339.2958494792549,-325.13814101108284,4.214187988159788,0.05577194768675538
-324.8135183756634,-342.69299122112085,-325.2869624647983,4.15205680015794,0.05584283762199934
-325.37917114778605,-341.4520863263766,-325.857374324355,4.199925711539989,0.05573905657890231
-324.8521386130922,-340.13490235868693,-325.33028039266895,4.200566884110028,0.05563293917234554
-325.31377519418953,-342.71615233720996,-325.7881448435229,4.16156168413868,0.055755636373231575
-325.0648262147951,-342.658719433174,-325.54187863372096,4.186860120348405,0.055795468043449314
-325.0452542140769,-344.5888669210438,-325.52617982376455,4.22613784160082,0.0557294353669466
-324.87620534396194,-340.73507079568105,-325.3501998546512,4.157557628792807,0.0558474266598391
-325.59871444236467,-343.2108047475535,-326.0744820528252,4.177485670951614,0.05539727678825689
-325.06643832812574,-343.5476881425837,-325.5430383016897,4.183607578659421,0.0557640373360279
-325.55213713594804,-343.6554937423878,-326.03440750476926,4.242234720924693,0.055458513716625614
-325.5568423795492,-341.4291281753718,-326.03324854651163,4.184617920778592,0.055438814034988716
-325.9249494241844,-344.65792186314246,-326.3970720158067,4.144519903590643,0.055234053193829784
-325.6663265847212,-346.48355320710226,-326.13873220044513,4.143876499935203,0.055462047197791034
-325.919244750134,-343.5605208630079,-326.39315015216204,4.1602312974431195,0.05548305367661077
-326.0413080716872,-342.76756646898787,-326.5144199105196,4.153370556452472,0.05533903352049894
-326.2327476159555,-343.4634333020578,-326.7071199638899,4.166696360718682,0.055281085763559785
-326.93586868570054,-345.2479752403601,-327.40335650776706,4.102705233845764,0.05477057146125062
-325.87570773495884,-340.5769863547909,-326.35045818949857,4.167175519336218,0.05555639987768129
-325.97555313183346,-345.3821825381011,-326.4508787643078,4.174148524024708,0.05545291781078938
-325.9921078792536,-345.4599760007351,-326.46840082212935,4.183665849929525,0.05538774593624958
-326.8939678691931,-342.35425511920965,-327.36657572901527,4.151450121828461,0.05500705808747646
-326.090810360209,-343.8863970817676,-326.56262348973473,4.139872971200698,0.0553683292900407
-325.84847315062365,-343.8747610631116,-326.32166095112643,4.152325430767533,0.05553371233995571
-326.75232054341467,-344.8540339760108,-327.22707420171696,4.1698615951682045,0.05524318656602571
-326.805486878279,-346.2668662248608,-327.27641686727833,4.136384747693786,0.055004913013341816
-325.8838454183686,-341.01629201512924,-326.3599413494731,4.179831920640234,0.05570859921186469
-326.4701289820991,-342.83379937143775,-326.9410400390625,4.133576698795635,0.055177751582029255
-327.0756852533761,-342.99171279317807,-327.54628593977105,4.135954136844791,0.054664821385644206
-326.4806820956049,-341.21795336608955,-326.95711499591204,4.184979483718503,0.05544075482459956
-326.9934689826432,-340.81427710327796,-327.46813255132633,4.17002742372417,0.055227260256922525
-326.87795359088796,-344.8764643467567,-327.3497215093568,4.143681376233488,0.055010045077218565
-326.6334107440611,-345.2230630255816,-327.1015220464662,4.104279393057829,0.05534393894811009
-327.14239713345125,-344.8469141114273,-327.61255095725835,4.126277902838083,0.055153169864138894
-326.43301378809696,-342.6180486668566,-326.9033046988554,4.123616468784334,0.05552623394963353
-327.2122822046138,-341.2725492898211,-327.6829869469931,4.134329435320375,0.054958297676125235
-327.3153627369712,-342.6519655265485,-327.7854372956032,4.126523341943157,0.05503072684933973
-327.31323822240415,-342.91858409382036,-327.78426982081214,4.136993100343084,0.05500229118868362
-327.77872371848315,-342.0145070673699,-328.2436778933503,4.081116698131544,0.054435733012681786
-327.1742829345817,-346.43795172594145,-327.6464950206668,4.14642273326512,0.05509147281910098
-326.80712860541223,-342.8163713025152,-327.27874684888263,4.1398181610959846,0.05522941780644794
-327.945492036159,-346.49744349540487,-328.40938550372454,4.070396246473888,0.05449255295964175
-327.69202120371807,-339.16670480789054,-328.1646253009175,4.152881448254862,0.054847859106091565
-327.9954051914661,-342.1603924356324,-328.4653611294059,4.125459055630568,0.054946365484664604
-327.4704016245483,-343.51230304628643,-327.9425311421239,4.148617079416726,0.05482831086183703
-327.217953973231,-343.0094513152293,-327.6920705396076,4.164130380216269,0.05524293099378431
